date,coin,price_eur,market_cap_eur,volume_eur
01/01/2019,btc,3213.270509,56061092880,2603164201
02/01/2019,btc,3310.188226,57744060429,2346700545
03/01/2019,btc,3418.96928,59726264931,2881509359
04/01/2019,btc,3314.656701,57864607249,1984655025
05/01/2019,btc,3348.046536,58488649645,2588788136
06/01/2019,btc,3323.4952,57979591842,2425359212
07/01/2019,btc,3517.629616,61424919762,3011231216
08/01/2019,btc,3475.420368,60631949367,2927055534
09/01/2019,btc,3470.033929,60621540506,3041116272
10/01/2019,btc,3447.496599,60262218866,2796731984
11/01/2019,btc,3149.500557,55037207279,3602032790
12/01/2019,btc,3168.226044,55048643994,2845976904
13/01/2019,btc,3137.38669,54862288346,2141379832
14/01/2019,btc,3050.330433,53270214538,2334692181
15/01/2019,btc,3179.544037,55570120632,2703153343
16/01/2019,btc,3126.107449,54630027453,2588110279
17/01/2019,btc,3156.406672,55242341491,2415920039
18/01/2019,btc,3178.251142,55578077718,2676527488
19/01/2019,btc,3164.978724,55332097559,2330721042
20/01/2019,btc,3232.534422,56538197221,2434024700
21/01/2019,btc,3113.656958,54519342855,2587093725
22/01/2019,btc,3105.835969,54344944339,2253152963
23/01/2019,btc,3142.682738,54983905777,2392142870
24/01/2019,btc,3122.88242,54643219118,2339517516
25/01/2019,btc,3152.366268,55165463981,2222685458
26/01/2019,btc,3126.352825,54712861832,2264934428
27/01/2019,btc,3124.195942,54683698225,2233959072
28/01/2019,btc,3113.085327,54490014340,2525768250
29/01/2019,btc,3002.893539,52571092647,3014761563
30/01/2019,btc,2984.843258,52266509795,4254759690
31/01/2019,btc,3010.705807,52724291577,4330595806
01/02/2019,btc,2997.970933,52501366368,3782486721
02/02/2019,btc,3023.77582,52960076652,3286696148
03/02/2019,btc,3043.057055,53302376053,2889306391
04/02/2019,btc,3015.108964,52829522792,2074000766
05/02/2019,btc,3028.429316,53095999423,3894740316
06/02/2019,btc,3041.883169,53319707701,3203084371
07/02/2019,btc,2996.26795,52505062462,3704793014
08/02/2019,btc,2993.361405,52460679145,2908041418
09/02/2019,btc,3234.85389,56699587350,5555624302
10/02/2019,btc,3237.613688,56752156582,4311239061
11/02/2019,btc,3245.624681,56900182259,4486526415
12/02/2019,btc,3219.936507,56455320056,4828890101
13/02/2019,btc,3207.101343,56212884263,4882806921
14/02/2019,btc,3205.182959,56175670103,5003561450
15/02/2019,btc,3177.629676,55769433891,10597516856
16/02/2019,btc,3187.916117,55916086949,3989171629
17/02/2019,btc,3206.826809,56253835202,3558558256
18/02/2019,btc,3245.006564,56998603317,4378576295
19/02/2019,btc,3436.010325,60240853294,8477417167
20/02/2019,btc,3452.486778,60600838007,5264441283
21/02/2019,btc,3505.179254,61513659608,5621230948
22/02/2019,btc,3469.848476,60898918508,6030191795
23/02/2019,btc,3504.870856,61520602084,5291565089
24/02/2019,btc,3629.851512,63741260503,7491580385
25/02/2019,btc,3300.173636,58289132189,9798116146
26/02/2019,btc,3366.264589,59105587298,7964807177
27/02/2019,btc,3343.72434,58716468159,2626963620
28/02/2019,btc,3351.154544,59014802484,6794079699
01/03/2019,btc,3354.869173,58924335058,6706720576
02/03/2019,btc,3356.432559,59010270503,4859828627
03/03/2019,btc,3359.554124,59019091372,2894626556
04/03/2019,btc,3346.640205,58798293081,5933545752
05/03/2019,btc,3274.91593,57543750859,3182638748
06/03/2019,btc,3407.159474,59904488963,8037584704
07/03/2019,btc,3412.768724,60015153780,7494243344
08/03/2019,btc,3457.375934,60742713215,5445530644
09/03/2019,btc,3437.478081,60450610504,8355942944
10/03/2019,btc,3508.418937,61677520756,7982603562
11/03/2019,btc,3492.976567,61394755402,7635147204
12/03/2019,btc,3428.917762,60397635776,5737968984
13/03/2019,btc,3434.713218,60430657376,7377910162
14/03/2019,btc,3410.965662,59977397011,6388849984
15/03/2019,btc,3428.203435,60290216059,7614335592
16/03/2019,btc,3463.433869,60906544220,7197249858
17/03/2019,btc,3536.00206,62199591134,7467140372
18/03/2019,btc,3516.683248,61879954716,5771320462
19/03/2019,btc,3516.741925,61882479407,6738971586
20/03/2019,btc,3535.102405,62199793893,6609276788
21/03/2019,btc,3540.191609,62313128745,7995787130
22/03/2019,btc,3501.33633,61684195285,8654266960
23/03/2019,btc,3528.19926,62112226212,8317843690
24/03/2019,btc,3545.69972,62340775768,8143051103
25/03/2019,btc,3535.02904,62257667343,8749480165
26/03/2019,btc,3471.016074,61163321604,9421902065
27/03/2019,btc,3493.209142,61510676414,17184619888
28/03/2019,btc,3586.899882,63216938913,14410912304
29/03/2019,btc,3587.504015,63195144898,13501599742
30/03/2019,btc,3656.471,64429223926,14560945537
31/03/2019,btc,3656.946457,64431692086,11591280931
01/04/2019,btc,3655.815206,64421447934,8668425038
02/04/2019,btc,3699.966226,65201106207,11059399850
03/04/2019,btc,4339.919911,76940730970,21637766406
04/04/2019,btc,4407.151859,77967078801,24757989576
05/04/2019,btc,4365.155579,77058505847,21182574660
06/04/2019,btc,4468.827137,78713054783,17886713067
07/04/2019,btc,4492.809534,79268425415,17512710849
08/04/2019,btc,4615.125651,81214966578,20392932706
09/04/2019,btc,4678.150745,82442047542,19506081707
10/04/2019,btc,4590.776215,80997582830,14006958444
11/04/2019,btc,4707.539392,83038829192,17209073519
12/04/2019,btc,4482.652336,79106045599,17546177753
13/04/2019,btc,4494.423934,79294236486,13791226781
14/04/2019,btc,4486.042573,79121854481,10841724661
15/04/2019,btc,4555.928088,80466996673,10947666886
16/04/2019,btc,4458.692018,78867655877,12241565106
17/04/2019,btc,4619.733027,81375126516,12091912429
18/04/2019,btc,4619.57036,81572821152,12861691112
19/04/2019,btc,4693.89912,82950131876,13654146554
20/04/2019,btc,4695.528788,82887047447,14457164403
21/04/2019,btc,4719.836068,83500351046,13330573908
22/04/2019,btc,4723.500384,83382137680,14570993387
23/04/2019,btc,4778.809075,84361023834,15274784402
24/04/2019,btc,4951.822811,87348480595,17284968374
25/04/2019,btc,4888.899642,86279035705,18416883031
26/04/2019,btc,4671.062383,82428893377,17353050870
27/04/2019,btc,4747.197538,83409742760,17598147136
28/04/2019,btc,4712.02897,83492182769,13334149924
29/04/2019,btc,4715.098056,83199007494,13965646711
30/04/2019,btc,4648.846165,82150165834,13805956004
01/05/2019,btc,4719.609183,83404619342,14976032189
02/05/2019,btc,4780.799988,84444898067,13005506833
03/05/2019,btc,4877.374045,86250866860,14775738303
04/05/2019,btc,5114.211293,90279224444,17851610401
05/05/2019,btc,5178.858615,91597310995,17170388862
06/05/2019,btc,5137.250771,90930815007,14461102303
07/05/2019,btc,5103.142286,90265469024,15009397130
08/05/2019,btc,5220.044616,92927286372,17344819440
09/05/2019,btc,5321.176331,94022077450,14890731786
10/05/2019,btc,5497.895354,97407195848,16401513994
11/05/2019,btc,5670.782092,1.00312E+11,18517797695
12/05/2019,btc,6461.304192,1.15124E+11,28913731100
13/05/2019,btc,6188.762245,1.09315E+11,28074999938
14/05/2019,btc,6951.320331,1.22971E+11,28565875933
15/05/2019,btc,7130.325576,1.26133E+11,31614272330
16/05/2019,btc,7310.240204,1.29046E+11,27567660350
17/05/2019,btc,7048.745416,1.24872E+11,31348242369
18/05/2019,btc,6578.045284,1.16562E+11,29587744529
19/05/2019,btc,6539.780878,1.15798E+11,20136034852
20/05/2019,btc,7316.07858,1.29504E+11,27538241070
21/05/2019,btc,7141.01326,1.26324E+11,25622431404
22/05/2019,btc,7128.912837,1.26319E+11,22675980896
23/05/2019,btc,6871.076028,1.21823E+11,22040623851
24/05/2019,btc,7028.885174,1.24716E+11,22659852490
25/05/2019,btc,7119.052878,1.2615E+11,24424160312
26/05/2019,btc,7172.288425,1.26981E+11,21396803617
27/05/2019,btc,7699.096497,1.36282E+11,26068746508
28/05/2019,btc,7876.227068,1.39684E+11,29604387245
29/05/2019,btc,7814.624911,1.38533E+11,24478176845
30/05/2019,btc,7766.967456,1.37541E+11,25332599929
31/05/2019,btc,7467.111226,1.32551E+11,29914874556
01/06/2019,btc,7661.310939,1.35827E+11,27095628618
02/06/2019,btc,7642.206343,1.35574E+11,23838771448
03/06/2019,btc,7825.397802,1.38729E+11,22494279601
04/06/2019,btc,7268.599101,1.2905E+11,21775422608
05/06/2019,btc,6826.95692,1.20878E+11,22605459302
06/06/2019,btc,6956.985705,1.23415E+11,21943410294
07/06/2019,btc,6935.381616,1.23096E+11,21778621126
08/06/2019,btc,7088.08848,1.25963E+11,20841721047
09/06/2019,btc,7005.557925,1.24358E+11,17490546684
10/06/2019,btc,6774.336111,1.20198E+11,17803357408
11/06/2019,btc,7070.94012,1.254E+11,19210127755
12/06/2019,btc,6971.463973,1.23771E+11,18551715123
13/06/2019,btc,7211.52944,1.27871E+11,19639240855
14/06/2019,btc,7293.707929,1.29412E+11,20317810204
15/06/2019,btc,7722.062264,1.37538E+11,20741352503
16/06/2019,btc,7853.059952,1.39429E+11,19495827088
17/06/2019,btc,8006.85637,1.42672E+11,24349911322
18/06/2019,btc,8298.389613,1.47453E+11,24472581944
19/06/2019,btc,8121.834445,1.44404E+11,22353766683
20/06/2019,btc,8264.077225,1.46715E+11,19844351543
21/06/2019,btc,8453.609849,1.50475E+11,21874419038
22/06/2019,btc,8886.27718,1.57807E+11,25100742316
23/06/2019,btc,9401.415893,1.67103E+11,35296313104
24/06/2019,btc,9528.776437,1.69564E+11,25572976630
25/06/2019,btc,9689.344603,1.72132E+11,24149574742
26/06/2019,btc,10387.63082,1.84651E+11,29508361023
27/06/2019,btc,11426.16653,2.03187E+11,50069415683
28/06/2019,btc,9830.164932,1.74823E+11,43641686584
29/06/2019,btc,10855.11061,1.93073E+11,39433516395
30/06/2019,btc,10521.48192,1.87203E+11,33152575777
01/07/2019,btc,9579.652767,1.70427E+11,30723779549
02/07/2019,btc,9426.046068,1.67518E+11,33192060703
03/07/2019,btc,9585.722233,1.69826E+11,34776740857
04/07/2019,btc,10610.29497,1.8884E+11,35390441378
05/07/2019,btc,9950.497391,1.77103E+11,28786847385
06/07/2019,btc,9780.793996,1.74046E+11,27906854178
07/07/2019,btc,10042.68179,1.78951E+11,24941623742
08/07/2019,btc,10185.62832,1.81191E+11,23003815479
09/07/2019,btc,10929.60065,1.94293E+11,27561748036
10/07/2019,btc,11194.70338,1.99083E+11,32024904798
11/07/2019,btc,10806.41396,1.92666E+11,37450491637
12/07/2019,btc,10118.77991,1.7972E+11,32939727210
13/07/2019,btc,10463.64709,1.86197E+11,26661836277
14/07/2019,btc,10121.44884,1.79922E+11,25249343968
15/07/2019,btc,9124.880534,1.62587E+11,26488528580
16/07/2019,btc,9689.459993,1.73347E+11,33347832955
17/07/2019,btc,8506.554331,1.51692E+11,30686062441
18/07/2019,btc,8600.707226,1.53392E+11,29681956613
19/07/2019,btc,9446.36344,1.68381E+11,30227700960
20/07/2019,btc,9383.865546,1.67183E+11,25701469488
21/07/2019,btc,9596.328981,1.69975E+11,23303377865
22/07/2019,btc,9455.333906,1.68726E+11,20336690325
23/07/2019,btc,9229.539299,1.64711E+11,19545073131
24/07/2019,btc,8909.753902,1.58766E+11,20611581804
25/07/2019,btc,8794.769624,1.57329E+11,30389906261
26/07/2019,btc,8862.186631,1.58408E+11,19398467703
27/07/2019,btc,8841.707503,1.5772E+11,17908070529
28/07/2019,btc,8484.015204,1.51289E+11,19089382588
29/07/2019,btc,8566.329388,1.53029E+11,16754995462
30/07/2019,btc,8534.806654,1.51887E+11,16533799822
31/07/2019,btc,8575.023139,1.53061E+11,18047852487
01/08/2019,btc,9090.45801,1.62175E+11,20738619633
02/08/2019,btc,9350.939022,1.67021E+11,21360071553
03/08/2019,btc,9464.672628,1.68988E+11,21689509177
04/08/2019,btc,9700.21015,1.73181E+11,20042074812
05/08/2019,btc,9859.71993,1.76076E+11,20851174304
06/08/2019,btc,10514.68216,1.87572E+11,27530638571
07/08/2019,btc,10272.40714,1.82502E+11,28191572975
08/08/2019,btc,10682.62677,1.90479E+11,26846697416
09/08/2019,btc,10747.49185,1.91297E+11,23845630235
10/08/2019,btc,10507.12993,1.87736E+11,23261450293
11/08/2019,btc,10041.97391,1.79574E+11,22117022886
12/08/2019,btc,10304.67753,1.84078E+11,20557807470
13/08/2019,btc,10146.87744,1.81391E+11,17771806781
14/08/2019,btc,9755.740002,1.7422E+11,20477220154
15/08/2019,btc,8987.662042,1.60342E+11,23887257355
16/08/2019,btc,9266.804222,1.65437E+11,27904930283
17/08/2019,btc,9305.916729,1.66412E+11,25387965439
18/08/2019,btc,9215.08832,1.64842E+11,18925719486
19/08/2019,btc,9294.4531,1.66237E+11,17767693110
20/08/2019,btc,9834.355516,1.75896E+11,19944945806
21/08/2019,btc,9680.43351,1.73161E+11,17534119425
22/08/2019,btc,9127.891382,1.63276E+11,20518105461
23/08/2019,btc,9136.552681,1.63566E+11,18172652843
24/08/2019,btc,9251.411497,1.67362E+11,16313238085
25/08/2019,btc,9028.777047,1.61765E+11,18856323230
26/08/2019,btc,9053.116038,1.61942E+11,16059687307
27/08/2019,btc,9309.016829,1.66627E+11,21070408776
28/08/2019,btc,9167.277563,1.64004E+11,18876824072
29/08/2019,btc,8798.425597,1.5714E+11,20701026957
30/08/2019,btc,8576.113925,1.5355E+11,18500676822
31/08/2019,btc,8709.677348,1.55958E+11,14885745755
01/09/2019,btc,8725.34011,1.56273E+11,13954406211
02/09/2019,btc,8851.083203,1.58473E+11,13649206268
03/09/2019,btc,9416.578687,1.68187E+11,18479821661
04/09/2019,btc,9678.305219,1.73431E+11,21496848245
05/09/2019,btc,9581.359956,1.71618E+11,19208971808
06/09/2019,btc,9580.441166,1.71624E+11,17177851975
07/09/2019,btc,9300.250878,1.66685E+11,21164597994
08/09/2019,btc,9402.368331,1.68508E+11,16769381965
09/09/2019,btc,9438.624436,1.69178E+11,15244363830
10/09/2019,btc,9343.608613,1.67551E+11,19020878928
11/09/2019,btc,9160.356662,1.64035E+11,15771662054
12/09/2019,btc,9216.844701,1.65262E+11,18150723927
13/09/2019,btc,9403.032437,1.68607E+11,16260484672
14/09/2019,btc,9304.530768,1.66933E+11,14960594897
15/09/2019,btc,9299.072434,1.6686E+11,14851933052
16/09/2019,btc,9297.378082,1.66776E+11,12433452264
17/09/2019,btc,9332.804186,1.67432E+11,15978753579
18/09/2019,btc,9212.363051,1.6538E+11,15601319263
19/09/2019,btc,9210.850532,1.65293E+11,17089458947
20/09/2019,btc,9282.681905,1.66399E+11,21305006550
21/09/2019,btc,9236.580389,1.65722E+11,15682027779
22/09/2019,btc,9072.108996,1.62928E+11,14495679223
23/09/2019,btc,9113.055916,1.63598E+11,14764214170
24/09/2019,btc,8823.523248,1.58353E+11,16190018863
25/09/2019,btc,7901.176207,1.43636E+11,25205399290
26/09/2019,btc,7710.297527,1.38727E+11,22822343317
27/09/2019,btc,7415.21358,1.33174E+11,20717937271
28/09/2019,btc,7479.334609,1.34383E+11,18055559890
29/09/2019,btc,7518.384213,1.34844E+11,16395517063
30/09/2019,btc,7369.102313,1.32419E+11,15236061793
01/10/2019,btc,7588.71912,1.36418E+11,19892208063
02/10/2019,btc,7633.355535,1.37172E+11,16270195293
03/10/2019,btc,7618.32658,1.36939E+11,16127034000
04/10/2019,btc,7446.778551,1.33846E+11,15832420674
05/10/2019,btc,7428.713314,1.33522E+11,15420496529
06/10/2019,btc,7414.377062,1.33279E+11,15257624085
07/10/2019,btc,7183.458718,1.29141E+11,15349941704
08/10/2019,btc,7456.919536,1.34072E+11,19778306676
09/10/2019,btc,7463.792624,1.3421E+11,17653816317
10/10/2019,btc,7802.967818,1.40324E+11,19680322440
11/10/2019,btc,7776.282461,1.39852E+11,19353654687
12/10/2019,btc,7498.737264,1.3469E+11,20402375436
13/10/2019,btc,7529.053306,1.3544E+11,16320161001
14/10/2019,btc,7516.907805,1.3539E+11,15421199289
15/10/2019,btc,7570.604358,1.36213E+11,15766414590
16/10/2019,btc,7409.122494,1.33335E+11,16202787114
17/10/2019,btc,7232.517859,1.30157E+11,16884354498
18/10/2019,btc,7263.405906,1.30704E+11,15420830343
19/10/2019,btc,7123.888888,1.28238E+11,16891792694
20/10/2019,btc,7117.163828,1.28038E+11,14954712836
21/10/2019,btc,7358.132213,1.32551E+11,16563670612
22/10/2019,btc,7372.149797,1.32702E+11,15790629790
23/10/2019,btc,7229.50141,1.30097E+11,17782645305
24/10/2019,btc,6708.586942,1.20847E+11,20994626045
25/10/2019,btc,6694.746275,1.20569E+11,16955759279
26/10/2019,btc,7808.517666,1.40242E+11,30300660667
27/10/2019,btc,8318.426477,1.49919E+11,45100696171
28/10/2019,btc,8573.121632,1.54456E+11,34643187638
29/10/2019,btc,8325.147453,1.49624E+11,32528288687
30/10/2019,btc,8465.393414,1.52565E+11,29152031188
31/10/2019,btc,8224.016278,1.48208E+11,27659066775
01/11/2019,btc,8203.695566,1.48072E+11,27297352231
02/11/2019,btc,8267.561784,1.4902E+11,25285252682
03/11/2019,btc,8330.279076,1.5017E+11,22138700029
04/11/2019,btc,8242.033438,1.48758E+11,21673738298
05/11/2019,btc,8428.640788,1.51965E+11,27783188362
06/11/2019,btc,8397.251849,1.51394E+11,27310152561
07/11/2019,btc,8437.41701,1.52199E+11,26005418422
08/11/2019,btc,8342.600528,1.50499E+11,24517613360
09/11/2019,btc,7982.302071,1.43947E+11,27464569492
10/11/2019,btc,7995.125358,1.44343E+11,20624586183
11/11/2019,btc,8204.736939,1.47876E+11,22657053379
12/11/2019,btc,7911.243223,1.4297E+11,22265489468
13/11/2019,btc,7996.32826,1.44129E+11,23314639231
14/11/2019,btc,7966.2371,1.43863E+11,20817281917
15/11/2019,btc,7851.237088,1.41764E+11,21914371832
16/11/2019,btc,7673.284648,1.38363E+11,24523112329
17/11/2019,btc,7688.125115,1.38756E+11,19140758127
18/11/2019,btc,7696.848148,1.38861E+11,20633173749
19/11/2019,btc,7407.627066,1.33745E+11,23085513248
20/11/2019,btc,7346.92329,1.32513E+11,22561649054
21/11/2019,btc,7307.587393,1.31954E+11,21159744891
22/11/2019,btc,6897.386297,1.24481E+11,23848922616
23/11/2019,btc,6617.199519,1.19583E+11,35487292944
24/11/2019,btc,6632.32958,1.19907E+11,21761678912
25/11/2019,btc,6292.9205,1.14372E+11,22749987839
26/11/2019,btc,6465.050188,1.16643E+11,31509652797
27/11/2019,btc,6493.845261,1.17543E+11,23271786222
28/11/2019,btc,6798.781138,1.2291E+11,26320883234
29/11/2019,btc,6755.756291,1.22176E+11,20237042481
30/11/2019,btc,7007.248621,1.26687E+11,21414405143
01/12/2019,btc,6858.133554,1.23995E+11,17308260624
02/12/2019,btc,6721.50437,1.21449E+11,20777540237
03/12/2019,btc,6598.505497,1.19352E+11,17517241071
04/12/2019,btc,6574.398422,1.19047E+11,15562244637
05/12/2019,btc,6504.555024,1.17927E+11,22368841431
06/12/2019,btc,6640.09114,1.2034E+11,20120824025
07/12/2019,btc,6809.91981,1.22766E+11,18926488887
08/12/2019,btc,6776.120635,1.22668E+11,15896238513
09/12/2019,btc,6789.064078,1.22869E+11,15670462721
10/12/2019,btc,6640.369549,1.20301E+11,17757209413
11/12/2019,btc,6521.247217,1.18061E+11,17620488504
12/12/2019,btc,6464.656801,1.16991E+11,16182632371
13/12/2019,btc,6437.043236,1.16643E+11,17726771301
14/12/2019,btc,6517.107263,1.1797E+11,16668012050
15/12/2019,btc,6368.184107,1.15205E+11,17533164007
16/12/2019,btc,6389.922843,1.15849E+11,16985795725
17/12/2019,btc,6196.772296,1.12221E+11,19942462469
18/12/2019,btc,5943.139936,1.07547E+11,23748109483
19/12/2019,btc,6544.592714,1.18042E+11,51556168842
20/12/2019,btc,6430.422061,1.16411E+11,21162467467
21/12/2019,btc,6486.691147,1.17469E+11,20296827683
22/12/2019,btc,6447.074355,1.16764E+11,16820564873
23/12/2019,btc,6758.62871,1.21941E+11,21955754541
24/12/2019,btc,6612.425599,1.19836E+11,27256541209
25/12/2019,btc,6553.281603,1.18453E+11,23916403557
26/12/2019,btc,6493.477629,1.17752E+11,21223846260
27/12/2019,btc,6494.437983,1.17812E+11,22317885331
28/12/2019,btc,6485.74626,1.17542E+11,23171714832
29/12/2019,btc,6539.675078,1.18632E+11,19184217394
30/12/2019,btc,6611.740987,1.19835E+11,19703870878
31/12/2019,btc,6462.806847,1.17271E+11,19923431170
01/01/2020,btc,6412.846398,1.16217E+11,18884188679
02/01/2020,btc,6412.448167,1.16216E+11,16155139799
03/01/2020,btc,6234.201691,1.13047E+11,18184839035
04/01/2020,btc,6541.826288,1.18972E+11,27793175077
05/01/2020,btc,6587.554275,1.19606E+11,18470049433
06/01/2020,btc,6585.067986,1.19459E+11,19647072099
07/01/2020,btc,6908.87515,1.2556E+11,25143214007
08/01/2020,btc,7307.840392,1.32554E+11,31234727876
09/01/2020,btc,7240.405633,1.31481E+11,35970363649
10/01/2020,btc,7051.270626,1.27769E+11,26355005933
11/01/2020,btc,7355.917442,1.32074E+11,32170946502
12/01/2020,btc,7203.818556,1.30877E+11,28326369622
13/01/2020,btc,7350.567593,1.33325E+11,24767606695
14/01/2020,btc,7282.907676,1.32387E+11,25108468867
15/01/2020,btc,7910.127235,1.43322E+11,49773033051
16/01/2020,btc,7909.779782,1.4343E+11,43186105829
17/01/2020,btc,7829.528156,1.42221E+11,32735249264
18/01/2020,btc,8027.134873,1.45933E+11,37574103450
19/01/2020,btc,8030.890983,1.45908E+11,33182281657
20/01/2020,btc,7833.230953,1.42331E+11,35371750849
21/01/2020,btc,7778.071763,1.41344E+11,26608936307
22/01/2020,btc,7870.65888,1.43041E+11,24408734734
23/01/2020,btc,7810.331599,1.4196E+11,23099517561
24/01/2020,btc,7613.073822,1.3839E+11,27767620182
25/01/2020,btc,7648.164648,1.39043E+11,27838323767
26/01/2020,btc,7572.214712,1.37677E+11,24109974716
27/01/2020,btc,7796.222418,1.41764E+11,27428365111
28/01/2020,btc,8057.801665,1.46534E+11,35991972582
29/01/2020,btc,8456.002845,1.5379E+11,45191033866
30/01/2020,btc,8423.048514,1.53208E+11,42922313720
31/01/2020,btc,8621.674924,1.56837E+11,46271306531
01/02/2020,btc,8389.345427,1.52626E+11,45157616161
02/02/2020,btc,8439.673224,1.53557E+11,43543072493
03/02/2020,btc,8421.001244,1.53233E+11,49619651648
04/02/2020,btc,8414.074851,1.53122E+11,51362371093
05/02/2020,btc,8311.452513,1.51269E+11,50138433567
06/02/2020,btc,8720.215991,1.58725E+11,59705394004
07/02/2020,btc,8874.333341,1.61546E+11,64787959276
08/02/2020,btc,8952.952499,1.63003E+11,63492533183
09/02/2020,btc,9035.660391,1.64514E+11,65375351335
10/02/2020,btc,9267.774366,1.68757E+11,71333033380
11/02/2020,btc,9064.068629,1.65129E+11,74607356579
12/02/2020,btc,9364.887969,1.70578E+11,35649141738
13/02/2020,btc,9498.454202,1.73007E+11,41801911474
14/02/2020,btc,9427.221702,1.71726E+11,49944497801
15/02/2020,btc,9528.786851,1.73289E+11,46356633015
16/02/2020,btc,9135.147048,1.66437E+11,47512766125
17/02/2020,btc,9172.104193,1.67165E+11,39077643725
18/02/2020,btc,8973.010784,1.62919E+11,44772372725
19/02/2020,btc,9385.333663,1.7126E+11,50611712566
20/02/2020,btc,8897.615278,1.62175E+11,46718114357
21/02/2020,btc,8906.052218,1.62075E+11,49663843789
22/02/2020,btc,8918.091267,1.62911E+11,34737612504
23/02/2020,btc,8904.365511,1.62346E+11,30013095562
24/02/2020,btc,9178.113475,1.67353E+11,35749879060
25/02/2020,btc,8912.834847,1.62047E+11,38641907834
26/02/2020,btc,8589.865198,1.56715E+11,36253288835
27/02/2020,btc,8086.452074,1.4767E+11,41472123421
28/02/2020,btc,7983.949941,1.45594E+11,39137456961
29/02/2020,btc,7905.163814,1.44214E+11,37450136289
01/03/2020,btc,7755.84198,1.41503E+11,30188813766
02/03/2020,btc,7752.927145,1.41104E+11,31047512164
03/03/2020,btc,7992.133216,1.45847E+11,53643547531
04/03/2020,btc,7834.793732,1.42991E+11,61141487540
05/03/2020,btc,7863.399408,1.43529E+11,34862925130
06/03/2020,btc,8050.153493,1.47027E+11,33952590725
07/03/2020,btc,8094.523174,1.4778E+11,36670590589
08/03/2020,btc,7887.475559,1.44016E+11,32574094816
09/03/2020,btc,7060.95421,1.29145E+11,34361171067
10/03/2020,btc,6946.604182,1.26863E+11,40057859736
11/03/2020,btc,6983.3597,1.27546E+11,36107866079
12/03/2020,btc,7046.26744,1.28706E+11,34353543117
13/03/2020,btc,4598.178051,83216079992,44711886992
14/03/2020,btc,4974.929966,90888050237,66714240550
15/03/2020,btc,4678.712747,85438127351,32351959901
16/03/2020,btc,4823.873941,88143209097,29477730708
17/03/2020,btc,4509.855956,82412093025,39461285895
18/03/2020,btc,4892.479304,89027190687,32687019582
19/03/2020,btc,4902.587404,89602506378,34303614563
20/03/2020,btc,5787.117526,1.05776E+11,45072596787
21/03/2020,btc,5756.657388,1.05013E+11,47328002359
22/03/2020,btc,5709.826779,1.0438E+11,37338417551
23/03/2020,btc,5477.598418,1.00144E+11,34826673591
24/03/2020,btc,5998.902354,1.09683E+11,42349473578
25/03/2020,btc,6226.460656,1.13854E+11,42415184962
26/03/2020,btc,6150.003929,1.12463E+11,38651452187
27/03/2020,btc,6124.403292,1.12007E+11,31538775969
28/03/2020,btc,5729.253477,1.04791E+11,29471398957
29/03/2020,btc,5600.570982,1.02227E+11,31545716224
30/03/2020,btc,5310.452523,97471415500,23272614888
31/03/2020,btc,5805.56808,1.06218E+11,31649440206
01/04/2020,btc,5822.457551,1.06766E+11,29274718276
02/04/2020,btc,6066.182726,1.10451E+11,32781736759
03/04/2020,btc,6278.140511,1.15015E+11,43931669009
04/04/2020,btc,6231.62485,1.1406E+11,36899597150
05/04/2020,btc,6348.384048,1.1621E+11,32400923390
06/04/2020,btc,6281.340833,1.14996E+11,29505493141
07/04/2020,btc,6757.435384,1.23604E+11,42011659424
08/04/2020,btc,6605.429806,1.20954E+11,39821083952
09/04/2020,btc,6760.128642,1.23877E+11,35836417717
10/04/2020,btc,6676.419538,1.22279E+11,31962553968
11/04/2020,btc,6276.863623,1.14974E+11,34588760600
12/04/2020,btc,6290.322116,1.15203E+11,27689686385
13/04/2020,btc,6323.950264,1.15861E+11,31600173805
14/04/2020,btc,6277.747369,1.15028E+11,34844271177
15/04/2020,btc,6244.820521,1.14437E+11,30802153885
16/04/2020,btc,6080.236354,1.11434E+11,27233095610
17/04/2020,btc,6500.850667,1.19155E+11,42128901205
18/04/2020,btc,6469.204363,1.18585E+11,29151171415
19/04/2020,btc,6659.7785,1.22092E+11,27618600423
20/04/2020,btc,6557.760027,1.20234E+11,27339456311
21/04/2020,btc,6310.62065,1.15716E+11,32468273530
22/04/2020,btc,6302.078596,1.15571E+11,27718400268
23/04/2020,btc,6578.985293,1.2066E+11,28517789979
24/04/2020,btc,6851.232038,1.25665E+11,38078493083
25/04/2020,btc,6924.154651,1.27015E+11,30700363845
26/04/2020,btc,6965.921307,1.27793E+11,29209027245
27/04/2020,btc,7100.961549,1.30283E+11,31199730738
28/04/2020,btc,7181.850203,1.31779E+11,32522723498
29/04/2020,btc,7163.313643,1.31453E+11,30336247945
30/04/2020,btc,8038.370008,1.47525E+11,55522687404
01/05/2020,btc,7867.76181,1.44408E+11,60158177617
02/05/2020,btc,7954.947238,1.46022E+11,40360552477
03/05/2020,btc,8081.762895,1.48365E+11,35312881898
04/05/2020,btc,8110.104251,1.48732E+11,41621378832
05/05/2020,btc,8147.881521,1.48883E+11,40992687098
06/05/2020,btc,8305.957583,1.52531E+11,40072184819
07/05/2020,btc,8468.364276,1.5553E+11,44948978048
08/05/2020,btc,9190.388483,1.68807E+11,56948555313
09/05/2020,btc,8954.56502,1.64491E+11,46456364655
10/05/2020,btc,8720.46181,1.60205E+11,42574693721
11/05/2020,btc,8076.687481,1.48396E+11,56939285384
12/05/2020,btc,7961.116172,1.46287E+11,53657973991
13/05/2020,btc,8101.085611,1.48845E+11,36424793899
14/05/2020,btc,8578.852542,1.57652E+11,40883820684
15/05/2020,btc,9065.587867,1.65997E+11,48191203357
16/05/2020,btc,8602.515037,1.58002E+11,41460465795
17/05/2020,btc,8663.505801,1.59227E+11,31554022763
18/05/2020,btc,8932.517631,1.6377E+11,32943696352
19/05/2020,btc,8893.36779,1.63465E+11,35655125008
20/05/2020,btc,8932.534067,1.63933E+11,33933362883
21/05/2020,btc,8676.190578,1.5959E+11,31720388012
22/05/2020,btc,8274.210079,1.52125E+11,32845842726
23/05/2020,btc,8377.382849,1.54406E+11,25412540508
24/05/2020,btc,8412.788366,1.54685E+11,23998653198
25/05/2020,btc,8004.922136,1.47973E+11,26986833174
26/05/2020,btc,8149.89883,1.49842E+11,26724740625
27/05/2020,btc,8050.512265,1.48045E+11,24464332062
28/05/2020,btc,8327.485032,1.53067E+11,26247647615
29/05/2020,btc,8618.036355,1.5847E+11,28682504579
30/05/2020,btc,8489.074761,1.56105E+11,26006534749
31/05/2020,btc,8701.218325,1.60269E+11,27223303266
01/06/2020,btc,8513.95114,1.56579E+11,24638723325
02/06/2020,btc,9139.332656,1.68005E+11,30293157219
03/06/2020,btc,8506.999104,1.5686E+11,32937425601
04/06/2020,btc,8584.870098,1.57912E+11,22449216601
05/06/2020,btc,8614.252385,1.58457E+11,21943214900
06/06/2020,btc,8535.123074,1.57094E+11,20767056980
07/06/2020,btc,8557.640256,1.57554E+11,17158356968
08/06/2020,btc,8604.747507,1.58307E+11,21079034612
09/06/2020,btc,8646.7465,1.59089E+11,18716987774
10/06/2020,btc,8617.878073,1.58566E+11,20156551979
11/06/2020,btc,8685.05239,1.59811E+11,21458885524
12/06/2020,btc,8258.589886,1.51973E+11,27651280278
13/06/2020,btc,8413.320493,1.54829E+11,20969002432
14/06/2020,btc,8413.267326,1.54837E+11,17496891833
15/06/2020,btc,8304.428332,1.52935E+11,16737017093
16/06/2020,btc,8321.983174,1.53173E+11,25729836356
17/06/2020,btc,8455.982202,1.55425E+11,23429262062
18/06/2020,btc,8418.558997,1.54965E+11,21032888740
19/06/2020,btc,8386.735505,1.54386E+11,18380855397
20/06/2020,btc,8330.225927,1.53049E+11,21233968630
21/06/2020,btc,8374.295609,1.54172E+11,17691540835
22/06/2020,btc,8319.838529,1.53177E+11,16988201705
23/06/2020,btc,8584.508072,1.57989E+11,21968528624
24/06/2020,btc,8507.065952,1.56612E+11,15694884105
25/06/2020,btc,8255.814453,1.52021E+11,20607186724
26/06/2020,btc,8252.296334,1.51963E+11,20944933051
27/06/2020,btc,8171.198438,1.50478E+11,19993863468
28/06/2020,btc,8034.824156,1.47974E+11,19178621005
29/06/2020,btc,8141.368843,1.49944E+11,17517431794
30/06/2020,btc,8163.959725,1.50367E+11,17558158766
01/07/2020,btc,8144.167549,1.50036E+11,17571851988
02/07/2020,btc,8203.363709,1.51109E+11,17778611577
03/07/2020,btc,8091.53309,1.49135E+11,17242586855
04/07/2020,btc,8065.368442,1.48583E+11,15488562842
05/07/2020,btc,8121.749286,1.4963E+11,14801005166
06/07/2020,btc,8078.705101,1.48845E+11,15401448395
07/07/2020,btc,8259.127938,1.52177E+11,19437659546
08/07/2020,btc,8205.990402,1.51206E+11,16800823881
09/07/2020,btc,8319.298777,1.53302E+11,18265247731
10/07/2020,btc,8181.099093,1.50764E+11,17255964540
11/07/2020,btc,8214.533825,1.51412E+11,16126956346
12/07/2020,btc,8171.962177,1.50612E+11,14307140711
13/07/2020,btc,8219.669309,1.51499E+11,15183071233
14/07/2020,btc,8141.989652,1.501E+11,16076166694
15/07/2020,btc,8105.973406,1.49418E+11,16784490761
16/07/2020,btc,8060.561194,1.48683E+11,14508905410
17/07/2020,btc,8022.554187,1.47972E+11,16473187364
18/07/2020,btc,8012.181512,1.47673E+11,14438868676
19/07/2020,btc,8021.701438,1.47891E+11,13682541332
20/07/2020,btc,8041.751864,1.48287E+11,14056294688
21/07/2020,btc,7998.476247,1.47475E+11,14909389827
22/07/2020,btc,8132.522262,1.49954E+11,17373702525
23/07/2020,btc,8225.782663,1.51586E+11,17034128981
24/07/2020,btc,8268.647712,1.5246E+11,23251076375
25/07/2020,btc,8181.110755,1.50874E+11,30723052950
26/07/2020,btc,8314.84939,1.53346E+11,31508175016
27/07/2020,btc,8516.612323,1.57076E+11,16914565933
28/07/2020,btc,9317.952596,1.71864E+11,29490674601
29/07/2020,btc,9305.841377,1.71649E+11,23584856431
30/07/2020,btc,9411.765157,1.73903E+11,20057849427
31/07/2020,btc,9367.800977,1.72923E+11,18763215531
01/08/2020,btc,9615.200712,1.77381E+11,18957618815
02/08/2020,btc,10028.26726,1.84859E+11,22242460193
03/08/2020,btc,9394.032439,1.7328E+11,23416173840
04/08/2020,btc,9549.539792,1.76196E+11,17501832201
05/08/2020,btc,9472.358868,1.75E+11,17388872716
06/08/2020,btc,9870.186406,1.82129E+11,18831907508
07/08/2020,btc,9908.763559,1.8285E+11,18349972957
08/08/2020,btc,9818.70841,1.81227E+11,18349151310
09/08/2020,btc,9960.957876,1.8367E+11,14668320627
10/08/2020,btc,9915.750087,1.83008E+11,14472400915
11/08/2020,btc,10104.8506,1.8644E+11,20567493967
12/08/2020,btc,9709.672976,1.79587E+11,20826013734
13/08/2020,btc,9816.775157,1.81251E+11,19331787284
14/08/2020,btc,10001.27953,1.83759E+11,20951674759
15/08/2020,btc,9945.064781,1.83169E+11,18282474892
16/08/2020,btc,10018.99936,1.84971E+11,17974126673
17/08/2020,btc,10041.99299,1.85426E+11,16207982868
18/08/2020,btc,10333.84575,1.90751E+11,21456648459
19/08/2020,btc,10003.13884,1.84992E+11,20781854417
20/08/2020,btc,9907.416497,1.82945E+11,19745291655
21/08/2020,btc,9993.443112,1.84543E+11,17147431985
22/08/2020,btc,9762.303593,1.8049E+11,19843462576
23/08/2020,btc,9899.43796,1.82825E+11,16594138973
24/08/2020,btc,9870.45429,1.82444E+11,15649121473
25/08/2020,btc,9971.486246,1.84353E+11,17012202365
26/08/2020,btc,9588.810064,1.77114E+11,19787399220
27/08/2020,btc,9683.685116,1.78875E+11,17627367950
28/08/2020,btc,9559.187782,1.76583E+11,18268332102
29/08/2020,btc,9674.642594,1.78726E+11,16185482887
30/08/2020,btc,9643.032509,1.7815E+11,15466704176
31/08/2020,btc,9818.956019,1.81408E+11,16707204025
01/09/2020,btc,9776.78536,1.8085E+11,17654411204
02/09/2020,btc,9974.610366,1.85565E+11,21158521739
03/09/2020,btc,9634.437908,1.778E+11,21970836484
04/09/2020,btc,8613.253847,1.59164E+11,41734959546
05/09/2020,btc,8856.620066,1.63913E+11,23334581603
06/09/2020,btc,8597.555553,1.58888E+11,47668544557
07/09/2020,btc,8668.042597,1.60199E+11,24332166918
08/09/2020,btc,8765.924275,1.62058E+11,22474585476
09/09/2020,btc,8603.660584,1.58754E+11,40601314688
10/09/2020,btc,8666.322101,1.59894E+11,18092332885
11/09/2020,btc,8745.454087,1.61665E+11,65573649331
12/09/2020,btc,8761.244003,1.6218E+11,17556563116
13/09/2020,btc,8811.467026,1.62902E+11,16843637708
14/09/2020,btc,8723.336796,1.61266E+11,17784237322
15/09/2020,btc,8983.519437,1.66011E+11,19824187136
16/09/2020,btc,9109.29163,1.68079E+11,20099055155
17/09/2020,btc,9276.457154,1.71536E+11,20716626395
18/09/2020,btc,9228.814142,1.70752E+11,19867663243
19/09/2020,btc,9228.743338,1.7068E+11,17467204084
20/09/2020,btc,9361.72236,1.73141E+11,15485421220
21/09/2020,btc,9218.381072,1.70499E+11,17014829994
22/09/2020,btc,8872.84247,1.64601E+11,20191790230
23/09/2020,btc,8990.707407,1.66303E+11,16966335837
24/09/2020,btc,8769.236118,1.62214E+11,17139119197
25/09/2020,btc,9188.0346,1.70029E+11,18286461070
26/09/2020,btc,9184.111261,1.69906E+11,16438692565
27/09/2020,btc,9236.288187,1.70818E+11,14517594473
28/09/2020,btc,9252.775798,1.71231E+11,15161538424
29/09/2020,btc,9142.097204,1.69422E+11,17021425266
30/09/2020,btc,9229.987751,1.70788E+11,15593178167
01/10/2020,btc,9186.376992,1.6999E+11,15828450889
02/10/2020,btc,9049.721618,1.67419E+11,17787624254
03/10/2020,btc,9023.323353,1.66987E+11,18143407649
04/10/2020,btc,9001.117608,1.66585E+11,13689306169
05/10/2020,btc,9106.376072,1.68542E+11,13679285560
06/10/2020,btc,9148.354901,1.69266E+11,15144253515
07/10/2020,btc,9037.156333,1.67276E+11,16547225790
08/10/2020,btc,9066.582538,1.67926E+11,14637121125
09/10/2020,btc,9254.854797,1.71289E+11,16801843933
10/10/2020,btc,9351.191953,1.73137E+11,16275194286
11/10/2020,btc,9539.927003,1.76884E+11,16479488568
12/10/2020,btc,9624.493604,1.78343E+11,13762913109
13/10/2020,btc,9770.150735,1.80898E+11,17738625477
14/10/2020,btc,9730.848543,1.8018E+11,16654556298
15/10/2020,btc,9738.613537,1.80333E+11,17408112734
16/10/2020,btc,9819.494217,1.8184E+11,17520846139
17/10/2020,btc,9660.84996,1.79229E+11,17442726040
18/10/2020,btc,9700.722361,1.79617E+11,13358060409
19/10/2020,btc,9811.865588,1.81586E+11,13288973524
20/10/2020,btc,9986.104746,1.84706E+11,15398282956
21/10/2020,btc,10069.51601,1.86358E+11,18122015462
22/10/2020,btc,10804.04705,1.99715E+11,24730764549
23/10/2020,btc,10959.52316,2.03272E+11,21215642577
24/10/2020,btc,10900.29123,2.02011E+11,18026418774
25/10/2020,btc,11048.30505,2.04666E+11,16272126271
26/10/2020,btc,10993.59955,2.03797E+11,16040089929
27/10/2020,btc,11059.14744,2.05031E+11,18211448177
28/10/2020,btc,11589.86593,2.14738E+11,20300884496
29/10/2020,btc,11306.9141,2.09083E+11,22835027725
30/10/2020,btc,11513.00926,2.13703E+11,19580379716
31/10/2020,btc,11594.58976,2.14849E+11,20112981298
01/11/2020,btc,11799.30878,2.18651E+11,19431564148
02/11/2020,btc,11787.18998,2.18435E+11,16986128411
03/11/2020,btc,11646.67346,2.15838E+11,19439969100
04/11/2020,btc,11900.53142,2.20553E+11,19227057040
05/11/2020,btc,12017.3132,2.22539E+11,22035216976
06/11/2020,btc,13163.18901,2.43784E+11,30732852460
07/11/2020,btc,13094.30649,2.43019E+11,29074695334
08/11/2020,btc,12479.37999,2.31329E+11,25576004427
09/11/2020,btc,13029.783,2.41438E+11,20249372233
10/11/2020,btc,12970.98514,2.40461E+11,24953262110
11/11/2020,btc,12928.9969,2.39683E+11,18547868596
12/11/2020,btc,13317.69689,2.47301E+11,20367287401
13/11/2020,btc,13779.93204,2.55457E+11,23722724319
14/11/2020,btc,13794.42793,2.55726E+11,20975595646
15/11/2020,btc,13599.04335,2.52024E+11,18669291706
16/11/2020,btc,13494.48539,2.50085E+11,16196004653
17/11/2020,btc,14093.58534,2.61272E+11,20748081953
18/11/2020,btc,14879.72559,2.7601E+11,26614162475
19/11/2020,btc,15041.92152,2.79082E+11,33821126883
20/11/2020,btc,15016.24627,2.78526E+11,25774699040
21/11/2020,btc,15711.50404,2.91438E+11,24231896587
22/11/2020,btc,15762.91667,2.92346E+11,26315947127
23/11/2020,btc,15501.83293,2.88406E+11,27825017173
24/11/2020,btc,15505.01795,2.87655E+11,28196519543
25/11/2020,btc,16046.94155,2.97723E+11,41546856720
26/11/2020,btc,15737.32874,2.92129E+11,26976270143
27/11/2020,btc,14387.25581,2.66958E+11,40916013881
28/11/2020,btc,14327.74488,2.65868E+11,25646030834
29/11/2020,btc,14810.54519,2.74841E+11,20479574989
30/11/2020,btc,15179.57949,2.81029E+11,20000277140
01/12/2020,btc,16425.87641,3.04843E+11,30290044617
02/12/2020,btc,15619.88167,2.89593E+11,31985075711
03/12/2020,btc,15854.61187,2.9427E+11,23873128453
04/12/2020,btc,16000.59601,2.96958E+11,20040757042
05/12/2020,btc,15434.423,2.86994E+11,21751847657
06/12/2020,btc,15787.37466,2.93033E+11,19247042958
07/12/2020,btc,15942.07475,2.95951E+11,18009857034
08/12/2020,btc,15850.22746,2.94397E+11,18191316930
09/12/2020,btc,15143.96236,2.81162E+11,22133872024
10/12/2020,btc,15371.86448,2.85407E+11,24680084836
11/12/2020,btc,15037.9285,2.79802E+11,19839147855
12/12/2020,btc,14909.70056,2.76851E+11,21533245325
13/12/2020,btc,15528.17236,2.88348E+11,18097369550
14/12/2020,btc,15782.48818,2.93086E+11,19408080982
15/12/2020,btc,15853.78691,2.94424E+11,17811273817
16/12/2020,btc,15987.00459,2.96637E+11,19887392552
17/12/2020,btc,17479.18257,3.24907E+11,32028981764
18/12/2020,btc,18596.3703,3.45405E+11,49491394720
19/12/2020,btc,18862.38571,3.50365E+11,30185753067
20/12/2020,btc,19468.7771,3.61647E+11,28760327122
21/12/2020,btc,19250.28455,3.57607E+11,26935757471
22/12/2020,btc,18662.46068,3.46703E+11,31394220267
23/12/2020,btc,19533.85967,3.6288E+11,31797715133
24/12/2020,btc,19123.05976,3.55295E+11,35211691591
25/12/2020,btc,19502.82377,3.62483E+11,30227676721
26/12/2020,btc,20235.24255,3.75993E+11,30038081443
27/12/2020,btc,21715.72194,4.03521E+11,34444425822
28/12/2020,btc,21651.4579,4.0431E+11,46423657650
29/12/2020,btc,22197.54271,4.12235E+11,34522538111
30/12/2020,btc,22383.99097,4.16003E+11,31082512221
31/12/2020,btc,23445.60953,4.35758E+11,35237690787
01/01/2021,btc,23758.68042,4.41601E+11,35613370771
02/01/2021,btc,24106.90173,4.48096E+11,27997885384
03/01/2021,btc,26505.01807,4.92697E+11,47196920019
04/01/2021,btc,26944.84611,5.009E+11,1.46032E+11
05/01/2021,btc,25728.49681,4.78172E+11,60948168711
06/01/2021,btc,27711.01478,5.15199E+11,54817181994
07/01/2021,btc,29930.88779,5.53364E+11,57560368529
08/01/2021,btc,32228.81708,5.99264E+11,64089922827
09/01/2021,btc,33401.61994,6.21102E+11,67797159249
10/01/2021,btc,32962.39954,6.12963E+11,45743815806
11/01/2021,btc,31506.01123,5.85912E+11,60210239260
12/01/2021,btc,29336.0727,5.45586E+11,91858720904
13/01/2021,btc,27802.75989,5.15872E+11,56488192387
14/01/2021,btc,30797.07867,5.72815E+11,53673653989
15/01/2021,btc,32288.59246,6.00586E+11,47338560443
16/01/2021,btc,30465.10746,5.66698E+11,52545905548
17/01/2021,btc,30013.42797,5.58517E+11,45576668114
18/01/2021,btc,29660.28801,5.56842E+11,42040736689
19/01/2021,btc,30302.80141,5.65269E+11,38727001875
20/01/2021,btc,29740.11793,5.53318E+11,42616538465
21/01/2021,btc,29377.25881,5.46758E+11,48214310748
22/01/2021,btc,25410.6251,4.72811E+11,57058416538
23/01/2021,btc,27071.26374,5.03734E+11,57127393239
24/01/2021,btc,26340.37422,4.90159E+11,35792362185
25/01/2021,btc,26523.1834,4.93584E+11,35182775426
26/01/2021,btc,26664.3136,4.96234E+11,41518131666
27/01/2021,btc,26786.7948,4.9872E+11,39864914786
28/01/2021,btc,25154.30659,4.6818E+11,42561467868
29/01/2021,btc,27330.22414,5.08704E+11,42136655853
30/01/2021,btc,28136.14242,5.23731E+11,80302263103
31/01/2021,btc,28176.74498,5.24511E+11,42843465447
